amazon	https://y9yrsygcg6.execute-api.us-east-1.amazonaws.com/s/s?_={PATH}&{QS}	y9yrsygcg6.execute-api.us-east-1.amazonaws.com
google	https://google.com/s?_={PATH}&{QS}	us-central1-propane-fusion-170222.cloudfunctions.net
google	https://google.com.sa/s?_={PATH}&{QS}	us-central1-propane-fusion-170222.cloudfunctions.net
google	https://google.com.br/s?_={PATH}&{QS}	us-central1-propane-fusion-170222.cloudfunctions.net
google	https://google.com.my/s?_={PATH}&{QS}	us-central1-propane-fusion-170222.cloudfunctions.net
google	https://google.com.et/s?_={PATH}&{QS}	us-central1-propane-fusion-170222.cloudfunctions.net
google	https://google.com.om/s?_={PATH}&{QS}	us-central1-propane-fusion-170222.cloudfunctions.net
google	https://google.co.in/s?_={PATH}&{QS}	us-central1-propane-fusion-170222.cloudfunctions.net
google	https://google.co.zw/s?_={PATH}&{QS}	us-central1-propane-fusion-170222.cloudfunctions.net
google	https://google.ru/s?_={PATH}&{QS}	us-central1-propane-fusion-170222.cloudfunctions.net
google	https://google.ae/s?_={PATH}&{QS}	us-central1-propane-fusion-170222.cloudfunctions.net
